{
  "framework_name": "FirebaseCoreDiagnostics.framework",
  "static_framework": true,
  "resources": [

  ],
  "resource_bundles": [

  ],
  "build_settings": {
    "APPLICATION_EXTENSION_API_ONLY": "No",
    "ARCHS": [
      "$(ARCHS_STANDARD)",
      "arm64"
    ],
    "CLANG_WARN_QUOTED_INCLUDE_IN_FRAMEWORK_HEADER": "NO",
    "CODE_SIGN_IDENTITY": "",
    "CODE_SIGN_IDENTITY[sdk=appletvos*]": "",
    "CODE_SIGN_IDENTITY[sdk=iphoneos*]": "",
    "CODE_SIGN_IDENTITY[sdk=watchos*]": "",
    "CURRENT_PROJECT_VERSION": "1",
    "DEFINES_MODULE": "YES",
    "DYLIB_COMPATIBILITY_VERSION": "1",
    "DYLIB_CURRENT_VERSION": "1",
    "DYLIB_INSTALL_NAME_BASE": "@rpath",
    "INFOPLIST_FILE": "Target Support Files/FirebaseCoreDiagnostics/FirebaseCoreDiagnostics-Info.plist",
    "INSTALL_PATH": "$(LOCAL_LIBRARY_DIR)/Frameworks",
    "IPHONEOS_DEPLOYMENT_TARGET": "8.0",
    "LD_RUNPATH_SEARCH_PATHS": [
      "$(inherited)",
      "@executable_path/Frameworks",
      "@loader_path/Frameworks"
    ],
    "MACH_O_TYPE": "staticlib",
    "MODULEMAP_FILE": "Target Support Files/FirebaseCoreDiagnostics/FirebaseCoreDiagnostics.modulemap",
    "PRODUCT_MODULE_NAME": "FirebaseCoreDiagnostics",
    "PRODUCT_NAME": "FirebaseCoreDiagnostics",
    "SDKROOT": "iphoneos",
    "SKIP_INSTALL": "YES",
    "SWIFT_ACTIVE_COMPILATION_CONDITIONS": "$(inherited) ",
    "SWIFT_VERSION": "5.0",
    "TARGETED_DEVICE_FAMILY": "1,2",
    "VERSIONING_SYSTEM": "apple-generic",
    "VERSION_INFO_PREFIX": ""
  },
  "source_hash": null,
  "project_root": "/Users/phihung/Desktop/KTLab"
}